sales_order_number,fecha,pais,product_reference,campaign_id,category_product,sales_revenue,production_cost_usd
SO-000001,2023-03-23,Kenya,Chrysal Protect Y,3,Nutricional,52807.07,51180.4
SO-000002,2024-12-06,Colombia,Chrysal Grow X,1,Nutricional,93797.01,50638.4
SO-000003,2024-08-19,Kenya,Chrysal Root R,4,Nutricional,77864.99,51530.7
SO-000004,2024-02-05,Kenya,Chrysal Grow X,4,Fertilizante,30000.0,51272.5
SO-000005,2024-01-30,Holanda,Chrysal Root R,2,Nutricional,70709.19,51151.0
SO-000006,2025-02-22,Kenya,Chrysal Protect Y,2,Regulador de creci,30000.0,50970.7
SO-000007,2023-03-20,Ecuador,Chrysal Flora F,1,Nutricional,51642.3,51301.7
SO-000008,2024-09-27,Ecuador,Chrysal Root R,4,Fungicida,120550.44,51160.6
SO-000009,2023-07-03,Kenya,Chrysal Boost Z,4,Insecticida,134746.37,51041.4
SO-000010,2023-03-27,Kenya,Chrysal Protect Y,4,Regulador de creci,43530.31,50551.3
SO-000011,2024-04-25,Ecuador,Chrysal Flora F,2,Fertilizante,70118.25,52185.6
SO-000012,2025-06-08,Colombia,Chrysal Protect Y,1,Nutricional,81278.68,50264.7
SO-000013,2024-11-02,Colombia,Chrysal Root R,1,Fungicida,133436.81,51299.3
SO-000014,2024-11-25,Colombia,Chrysal Protect Y,1,Regulador de creci,65213.93,50775.8
SO-000015,2024-10-16,Kenya,Chrysal Root R,1,Insecticida,65693.48,52231.7
SO-000016,2024-12-17,Holanda,Chrysal Flora F,1,Nutricional,36939.51,50367.6
SO-000017,2024-04-13,Ecuador,Chrysal Boost Z,4,Fertilizante,68756.33,50485.3
SO-000018,2023-04-27,Kenya,Chrysal Protect Y,1,Regulador de creci,101666.05,50321.1
SO-000019,2025-02-04,Holanda,Chrysal Grow X,1,Regulador de creci,460455.59,51226.4
SO-000020,2024-02-15,Ecuador,Chrysal Boost Z,4,Insecticida,74863.02,50038.9
SO-000021,2024-04-01,Ecuador,Chrysal Flora F,2,Regulador de creci,30212.09,50665.0
SO-000022,2023-12-05,Holanda,Chrysal Protect Y,4,Fertilizante,38397.36,49493.3
SO-000023,2023-06-16,Holanda,Chrysal Boost Z,3,Nutricional,492251.9,51168.3
SO-000024,2025-04-25,Holanda,Chrysal Flora F,4,Regulador de creci,250524.52,50649.8
SO-000025,2024-12-13,Colombia,Chrysal Flora F,3,Insecticida,70426.83,49958.4
SO-000026,2024-08-10,Colombia,Chrysal Root R,2,Fungicida,57537.51,51759.9
SO-000027,2024-01-03,Ecuador,Chrysal Boost Z,3,Fungicida,73380.32,50084.6
SO-000028,2025-01-20,Holanda,Chrysal Boost Z,2,Fungicida,328949.55,51557.9
SO-000029,2024-05-12,Holanda,Chrysal Protect Y,2,Insecticida,137978.35,50509.3
SO-000030,2024-02-09,Kenya,Chrysal Root R,2,Fertilizante,30000.0,52121.1
SO-000031,2024-02-15,Kenya,Chrysal Root R,1,Regulador de creci,55047.16,51524.7
SO-000032,2023-07-27,Ecuador,Chrysal Flora F,4,Insecticida,84772.89,50294.4
SO-000033,2023-03-26,Ecuador,Chrysal Flora F,2,Fungicida,77034.11,50358.0
SO-000034,2024-05-20,Holanda,Chrysal Flora F,1,Insecticida,30000.0,51423.9
SO-000035,2025-03-20,Holanda,Chrysal Flora F,1,Fertilizante,189970.39,50816.3
SO-000036,2023-02-28,Ecuador,Chrysal Protect Y,4,Insecticida,70853.96,50881.5
SO-000037,2025-02-21,Kenya,Chrysal Protect Y,2,Fertilizante,64194.4,51890.6
SO-000038,2025-01-24,Ecuador,Chrysal Protect Y,3,Fertilizante,72634.96,50475.9
SO-000039,2023-09-10,Colombia,Chrysal Boost Z,4,Fungicida,114462.27,51063.9
SO-000040,2024-07-30,Ecuador,Chrysal Boost Z,1,Nutricional,58039.76,51668.2
SO-000041,2023-05-31,Kenya,Chrysal Root R,4,Fertilizante,78115.8,51566.4
SO-000042,2024-11-22,Colombia,Chrysal Protect Y,2,Regulador de creci,85500.27,50888.3
SO-000043,2024-09-30,Kenya,Chrysal Root R,1,Fungicida,126810.53,50797.8
SO-000044,2023-11-20,Kenya,Chrysal Root R,3,Fertilizante,70990.75,49782.8
SO-000045,2023-03-03,Colombia,Chrysal Boost Z,4,Fertilizante,108764.2,50260.6
SO-000046,2025-06-04,Holanda,Chrysal Boost Z,2,Regulador de creci,181537.26,51222.9
SO-000047,2024-02-11,Ecuador,Chrysal Root R,2,Regulador de creci,78087.37,50903.5
SO-000048,2025-03-25,Holanda,Chrysal Flora F,2,Insecticida,242839.01,51052.4
SO-000049,2024-09-10,Holanda,Chrysal Flora F,2,Fertilizante,191249.53,51727.5
SO-000050,2024-12-10,Holanda,Chrysal Grow X,3,Regulador de creci,244624.83,50168.9
SO-000051,2024-11-24,Holanda,Chrysal Grow X,3,Fungicida,142743.87,50834.7
SO-000052,2023-06-27,Ecuador,Chrysal Root R,3,Nutricional,86930.3,51132.1
SO-000053,2023-11-28,Ecuador,Chrysal Flora F,1,Fertilizante,87058.69,50507.1
SO-000054,2024-03-01,Colombia,Chrysal Flora F,3,Fertilizante,46243.29,52002.0
SO-000055,2024-03-29,Ecuador,Chrysal Grow X,3,Insecticida,50975.3,51636.0
SO-000056,2023-02-09,Ecuador,Chrysal Flora F,3,Fungicida,144303.4,51203.1
SO-000057,2024-05-13,Holanda,Chrysal Grow X,1,Fertilizante,158811.46,52256.0
SO-000058,2023-05-21,Ecuador,Chrysal Boost Z,2,Fertilizante,56756.84,49950.8
SO-000059,2024-11-08,Colombia,Chrysal Flora F,2,Regulador de creci,122932.97,50994.6
SO-000060,2024-09-14,Ecuador,Chrysal Grow X,1,Nutricional,88454.26,51256.4
SO-000061,2025-04-21,Kenya,Chrysal Grow X,1,Regulador de creci,97344.65,50359.8
SO-000062,2024-11-10,Kenya,Chrysal Boost Z,2,Regulador de creci,75858.59,51210.5
SO-000063,2023-12-01,Colombia,Chrysal Protect Y,3,Fungicida,70439.81,50225.4
SO-000064,2025-06-01,Ecuador,Chrysal Flora F,1,Fungicida,74912.41,51483.4
SO-000065,2024-01-10,Colombia,Chrysal Flora F,4,Insecticida,38517.85,51740.5
SO-000066,2023-10-25,Colombia,Chrysal Grow X,2,Fertilizante,77362.18,51190.6
SO-000067,2025-04-05,Colombia,Chrysal Grow X,4,Fungicida,88880.99,49703.0
SO-000068,2023-12-04,Ecuador,Chrysal Flora F,2,Insecticida,135513.9,50323.2
SO-000069,2023-03-11,Colombia,Chrysal Root R,2,Regulador de creci,82579.97,51395.3
SO-000070,2024-03-04,Ecuador,Chrysal Flora F,3,Insecticida,30000.0,51014.8
SO-000071,2024-12-26,Kenya,Chrysal Protect Y,4,Fungicida,77180.44,49114.2
SO-000072,2023-06-22,Colombia,Chrysal Grow X,2,Regulador de creci,162185.12,51870.0
SO-000073,2024-02-27,Colombia,Chrysal Flora F,2,Insecticida,105990.99,51095.7
SO-000074,2023-04-29,Colombia,Chrysal Grow X,3,Nutricional,55673.33,50426.6
SO-000075,2024-09-18,Kenya,Chrysal Boost Z,3,Fertilizante,97733.2,51696.5
SO-000076,2024-03-09,Ecuador,Chrysal Boost Z,1,Fungicida,57739.6,50525.7
SO-000077,2023-10-29,Colombia,Chrysal Boost Z,2,Fertilizante,39385.77,50518.1
SO-000078,2023-07-26,Ecuador,Chrysal Protect Y,2,Fertilizante,69548.92,51250.8
SO-000079,2024-05-29,Colombia,Chrysal Protect Y,4,Fertilizante,82745.79,52246.7
SO-000080,2024-09-02,Ecuador,Chrysal Flora F,2,Nutricional,30000.0,52136.5
SO-000081,2025-05-07,Ecuador,Chrysal Flora F,2,Nutricional,45525.22,51251.8
SO-000082,2024-02-03,Ecuador,Chrysal Boost Z,4,Nutricional,80310.07,51323.7
SO-000083,2023-05-27,Kenya,Chrysal Grow X,2,Nutricional,67754.8,51554.0
SO-000084,2025-01-29,Ecuador,Chrysal Protect Y,1,Fungicida,91844.34,50120.1
SO-000085,2024-07-28,Colombia,Chrysal Flora F,1,Fertilizante,43559.95,51450.9
SO-000086,2024-09-30,Colombia,Chrysal Root R,1,Regulador de creci,101423.41,50486.1
SO-000087,2023-03-30,Colombia,Chrysal Boost Z,1,Fertilizante,44487.23,51222.9
SO-000088,2023-10-12,Kenya,Chrysal Boost Z,2,Insecticida,129282.03,50840.8
SO-000089,2024-12-01,Kenya,Chrysal Grow X,4,Fungicida,30000.0,51350.8
SO-000090,2025-01-29,Kenya,Chrysal Protect Y,3,Regulador de creci,47223.37,51082.7
SO-000091,2024-02-01,Ecuador,Chrysal Root R,1,Regulador de creci,92521.12,48848.9
SO-000092,2025-01-03,Colombia,Chrysal Flora F,2,Regulador de creci,129927.0,51125.2
SO-000093,2025-02-06,Kenya,Chrysal Flora F,1,Insecticida,89451.29,51449.5
SO-000094,2023-12-20,Colombia,Chrysal Flora F,4,Insecticida,96885.74,51312.1
SO-000095,2025-03-30,Holanda,Chrysal Boost Z,1,Regulador de creci,330915.61,50928.2
SO-000096,2023-09-20,Kenya,Chrysal Root R,3,Insecticida,49208.05,52149.5
SO-000097,2023-08-07,Ecuador,Chrysal Protect Y,2,Fertilizante,65295.85,51218.0
SO-000098,2024-09-14,Kenya,Chrysal Flora F,3,Fungicida,43642.71,51306.4
SO-000099,2024-08-03,Colombia,Chrysal Boost Z,2,Insecticida,41638.7,51731.1
SO-000100,2023-05-08,Kenya,Chrysal Flora F,4,Insecticida,92052.47,51253.8
SO-000101,2025-01-29,Colombia,Chrysal Grow X,1,Regulador de creci,46304.66,50371.4
SO-000102,2023-07-02,Ecuador,Chrysal Flora F,4,Regulador de creci,89586.62,49293.2
SO-000103,2025-01-04,Kenya,Chrysal Grow X,2,Nutricional,40945.32,50666.0
SO-000104,2023-01-07,Colombia,Chrysal Grow X,4,Fertilizante,88891.49,51532.7
SO-000105,2024-12-27,Colombia,Chrysal Boost Z,4,Insecticida,65339.52,50752.8
SO-000106,2024-12-18,Colombia,Chrysal Grow X,4,Nutricional,122198.47,51560.8
SO-000107,2024-12-12,Ecuador,Chrysal Grow X,1,Fungicida,89711.57,51104.1
SO-000108,2024-08-29,Holanda,Chrysal Grow X,2,Insecticida,246035.94,51901.6
SO-000109,2024-03-06,Ecuador,Chrysal Boost Z,2,Regulador de creci,57330.6,50793.3
SO-000110,2024-10-05,Kenya,Chrysal Flora F,2,Fungicida,81684.3,51327.3
SO-000111,2023-09-10,Kenya,Chrysal Grow X,2,Nutricional,50567.39,51354.1
SO-000112,2024-12-13,Colombia,Chrysal Protect Y,4,Nutricional,67591.84,52051.1
SO-000113,2024-05-21,Ecuador,Chrysal Flora F,4,Nutricional,72136.87,49805.4
SO-000114,2024-02-23,Holanda,Chrysal Grow X,2,Regulador de creci,30000.0,50679.1
SO-000115,2024-04-06,Kenya,Chrysal Grow X,3,Nutricional,43534.91,51594.0
SO-000116,2024-06-02,Kenya,Chrysal Flora F,4,Regulador de creci,37594.48,52082.1
SO-000117,2023-02-03,Kenya,Chrysal Flora F,4,Fungicida,30000.0,51168.1
SO-000118,2023-05-08,Ecuador,Chrysal Boost Z,1,Fungicida,48309.61,50795.1
SO-000119,2023-08-12,Colombia,Chrysal Flora F,2,Nutricional,98824.82,51530.0
SO-000120,2023-04-15,Kenya,Chrysal Grow X,4,Fertilizante,32045.04,51608.1
SO-000121,2024-02-05,Holanda,Chrysal Boost Z,2,Fungicida,30000.0,50748.2
SO-000122,2024-09-01,Holanda,Chrysal Protect Y,2,Regulador de creci,114904.22,51231.2
SO-000123,2024-08-19,Colombia,Chrysal Root R,4,Nutricional,60905.12,51826.4
SO-000124,2024-03-05,Colombia,Chrysal Protect Y,4,Fertilizante,89631.38,52323.3
SO-000125,2025-02-18,Holanda,Chrysal Boost Z,4,Regulador de creci,52476.15,51519.8
SO-000126,2024-05-30,Holanda,Chrysal Protect Y,4,Nutricional,347794.29,51030.9
SO-000127,2023-03-14,Holanda,Chrysal Boost Z,2,Nutricional,97945.65,50962.1
SO-000128,2024-11-28,Kenya,Chrysal Root R,2,Fertilizante,73068.21,51390.2
SO-000129,2024-06-08,Kenya,Chrysal Root R,2,Fungicida,31453.18,50919.0
SO-000130,2024-08-01,Holanda,Chrysal Root R,2,Fertilizante,91716.41,51132.7
SO-000131,2024-05-30,Holanda,Chrysal Protect Y,2,Fungicida,231547.39,50259.5
SO-000132,2024-05-19,Colombia,Chrysal Grow X,3,Fertilizante,48564.79,51907.9
SO-000133,2023-03-24,Kenya,Chrysal Grow X,2,Fungicida,48781.97,50201.9
SO-000134,2024-05-24,Holanda,Chrysal Grow X,3,Fungicida,56781.26,50697.5
SO-000135,2024-12-25,Colombia,Chrysal Grow X,2,Fungicida,120577.82,51068.3
SO-000136,2023-10-05,Holanda,Chrysal Flora F,2,Regulador de creci,139542.33,52393.7
SO-000137,2024-07-03,Holanda,Chrysal Boost Z,1,Insecticida,269705.18,50704.1
SO-000138,2023-01-29,Colombia,Chrysal Flora F,1,Fungicida,40387.31,50533.8
SO-000139,2023-11-13,Kenya,Chrysal Grow X,4,Regulador de creci,30000.0,50614.4
SO-000140,2024-02-03,Kenya,Chrysal Protect Y,2,Regulador de creci,72676.74,52161.2
SO-000141,2025-06-15,Kenya,Chrysal Boost Z,1,Nutricional,70509.04,49031.4
SO-000142,2023-07-15,Kenya,Chrysal Boost Z,4,Fertilizante,60461.12,50298.1
SO-000143,2023-09-10,Kenya,Chrysal Flora F,2,Nutricional,86641.26,52911.9
SO-000144,2024-01-08,Holanda,Chrysal Flora F,1,Fungicida,320311.77,51413.6
SO-000145,2025-06-24,Ecuador,Chrysal Flora F,2,Insecticida,89692.5,50225.8
SO-000146,2025-02-17,Kenya,Chrysal Grow X,1,Fertilizante,70516.25,50970.7
SO-000147,2023-02-01,Holanda,Chrysal Root R,3,Fungicida,30000.0,51047.2
SO-000148,2023-08-02,Kenya,Chrysal Protect Y,2,Regulador de creci,99974.99,51592.3
SO-000149,2025-01-19,Holanda,Chrysal Root R,1,Fertilizante,193363.95,52287.7
SO-000150,2023-02-23,Kenya,Chrysal Protect Y,1,Fertilizante,106650.73,51272.0
SO-000151,2025-02-19,Kenya,Chrysal Boost Z,2,Regulador de creci,103702.27,50622.1
SO-000152,2023-09-14,Ecuador,Chrysal Boost Z,1,Nutricional,37347.14,51551.0
SO-000153,2025-04-16,Ecuador,Chrysal Flora F,4,Regulador de creci,36973.33,50511.2
SO-000154,2023-09-25,Kenya,Chrysal Protect Y,1,Nutricional,57333.78,50276.7
SO-000155,2024-02-01,Kenya,Chrysal Grow X,3,Fungicida,48312.04,49768.1
SO-000156,2024-08-26,Ecuador,Chrysal Grow X,2,Fungicida,102657.55,49904.4
SO-000157,2023-04-26,Holanda,Chrysal Protect Y,2,Nutricional,30000.0,50372.5
SO-000158,2024-05-23,Ecuador,Chrysal Boost Z,1,Insecticida,112975.52,50175.5
SO-000159,2024-04-05,Kenya,Chrysal Root R,4,Nutricional,91894.6,51219.3
SO-000160,2024-12-15,Colombia,Chrysal Boost Z,4,Insecticida,86259.49,50160.4
SO-000161,2025-06-27,Colombia,Chrysal Protect Y,1,Fertilizante,115991.89,48799.4
SO-000162,2024-08-28,Ecuador,Chrysal Flora F,1,Fertilizante,94091.82,50269.3
SO-000163,2024-01-09,Colombia,Chrysal Boost Z,4,Regulador de creci,82043.03,50669.7
SO-000164,2024-01-06,Holanda,Chrysal Root R,2,Fertilizante,30000.0,50576.2
SO-000165,2024-01-17,Holanda,Chrysal Root R,1,Insecticida,339322.15,52063.7
SO-000166,2025-01-12,Colombia,Chrysal Boost Z,1,Regulador de creci,70869.78,50570.5
SO-000167,2023-10-20,Holanda,Chrysal Root R,3,Fungicida,194122.1,51616.6
SO-000168,2023-06-02,Kenya,Chrysal Boost Z,3,Fertilizante,101090.76,50986.7
SO-000169,2023-11-01,Colombia,Chrysal Protect Y,2,Fertilizante,117111.52,50970.4
SO-000170,2023-01-21,Ecuador,Chrysal Grow X,4,Fertilizante,78482.38,50415.2
SO-000171,2023-04-07,Ecuador,Chrysal Grow X,2,Fertilizante,119237.47,50958.9
SO-000172,2023-03-24,Holanda,Chrysal Root R,2,Fertilizante,30000.0,50464.4
SO-000173,2024-12-04,Colombia,Chrysal Flora F,2,Insecticida,78336.4,51119.0
SO-000174,2024-10-20,Kenya,Chrysal Protect Y,2,Fertilizante,78797.15,50834.6
SO-000175,2024-09-27,Colombia,Chrysal Grow X,1,Regulador de creci,58190.17,50338.8
SO-000176,2024-02-26,Holanda,Chrysal Flora F,1,Regulador de creci,142395.4,51694.3
SO-000177,2024-10-15,Ecuador,Chrysal Boost Z,2,Regulador de creci,78014.22,51298.8
SO-000178,2023-05-28,Ecuador,Chrysal Boost Z,3,Insecticida,67768.08,50686.4
SO-000179,2025-04-01,Ecuador,Chrysal Flora F,1,Insecticida,80778.86,51101.8
SO-000180,2024-04-01,Holanda,Chrysal Grow X,2,Insecticida,208140.59,50941.3
SO-000181,2025-05-05,Kenya,Chrysal Root R,3,Fungicida,57203.96,50392.7
SO-000182,2023-05-19,Kenya,Chrysal Boost Z,3,Regulador de creci,109497.2,51049.3
SO-000183,2024-03-29,Holanda,Chrysal Grow X,4,Fertilizante,30000.0,50565.3
SO-000184,2024-09-27,Kenya,Chrysal Protect Y,4,Nutricional,55133.75,50338.5
SO-000185,2024-03-28,Colombia,Chrysal Root R,3,Regulador de creci,119285.77,49864.1
SO-000186,2024-02-11,Colombia,Chrysal Grow X,1,Regulador de creci,120207.63,50749.0
SO-000187,2023-06-01,Kenya,Chrysal Root R,2,Regulador de creci,95509.71,51396.9
SO-000188,2023-12-14,Colombia,Chrysal Boost Z,3,Insecticida,66346.48,50513.7
SO-000189,2023-08-06,Colombia,Chrysal Grow X,1,Fertilizante,72815.87,52764.5
SO-000190,2023-10-02,Ecuador,Chrysal Grow X,1,Fungicida,55875.5,51620.0
SO-000191,2024-09-15,Ecuador,Chrysal Flora F,1,Nutricional,50156.81,51913.0
SO-000192,2024-07-28,Kenya,Chrysal Root R,2,Nutricional,48667.51,51556.7
SO-000193,2024-07-07,Ecuador,Chrysal Root R,2,Regulador de creci,61458.37,52297.0
SO-000194,2023-11-26,Ecuador,Chrysal Grow X,1,Fertilizante,48958.37,50449.1
SO-000195,2025-05-25,Colombia,Chrysal Root R,4,Insecticida,33088.85,49207.5
SO-000196,2023-03-21,Holanda,Chrysal Root R,4,Fertilizante,94538.57,50687.7
SO-000197,2023-11-09,Holanda,Chrysal Protect Y,1,Nutricional,119828.83,51390.8
SO-000198,2023-04-18,Colombia,Chrysal Root R,4,Fertilizante,131023.78,51106.1
SO-000199,2023-11-06,Ecuador,Chrysal Flora F,1,Nutricional,59949.85,51192.8
SO-000200,2025-05-27,Holanda,Chrysal Flora F,4,Fertilizante,30000.0,51924.6
SO-000201,2023-12-01,Holanda,Chrysal Grow X,4,Fertilizante,313385.89,51267.4
SO-000202,2025-04-08,Colombia,Chrysal Grow X,1,Regulador de creci,72384.87,51559.2
SO-000203,2024-03-27,Colombia,Chrysal Grow X,4,Fertilizante,102330.01,50342.3
SO-000204,2024-09-30,Ecuador,Chrysal Protect Y,4,Nutricional,103256.88,50233.2
SO-000205,2024-02-22,Colombia,Chrysal Grow X,4,Regulador de creci,89822.33,52129.9
SO-000206,2023-08-31,Colombia,Chrysal Flora F,4,Fertilizante,72330.81,51070.6
SO-000207,2024-11-27,Holanda,Chrysal Protect Y,2,Regulador de creci,55281.01,50563.7
SO-000208,2025-06-02,Kenya,Chrysal Flora F,1,Regulador de creci,38967.38,50565.0
SO-000209,2023-08-29,Kenya,Chrysal Boost Z,4,Fungicida,55822.47,50545.6
SO-000210,2024-12-11,Kenya,Chrysal Flora F,3,Insecticida,61339.77,50503.7
SO-000211,2023-08-27,Colombia,Chrysal Grow X,3,Fertilizante,46280.85,50101.8
SO-000212,2024-10-15,Colombia,Chrysal Boost Z,2,Regulador de creci,93197.72,49949.7
SO-000213,2024-12-20,Ecuador,Chrysal Root R,2,Regulador de creci,115898.84,50863.5
SO-000214,2024-02-14,Kenya,Chrysal Flora F,1,Insecticida,52758.13,50585.0
SO-000215,2024-11-03,Kenya,Chrysal Boost Z,3,Regulador de creci,88503.24,51775.0
SO-000216,2023-09-06,Kenya,Chrysal Flora F,1,Fertilizante,48976.67,51205.2
SO-000217,2023-03-14,Ecuador,Chrysal Grow X,3,Fertilizante,70852.33,51185.7
SO-000218,2023-03-29,Colombia,Chrysal Flora F,4,Fungicida,59290.11,50479.8
SO-000219,2024-02-12,Holanda,Chrysal Boost Z,2,Regulador de creci,50891.04,50915.3
SO-000220,2025-04-03,Kenya,Chrysal Boost Z,2,Regulador de creci,59636.35,51252.7
SO-000221,2023-04-27,Holanda,Chrysal Flora F,2,Nutricional,225177.75,51501.3
SO-000222,2024-02-20,Ecuador,Chrysal Root R,4,Regulador de creci,72628.38,50934.3
SO-000223,2024-10-04,Holanda,Chrysal Boost Z,3,Regulador de creci,74965.01,51755.4
SO-000224,2023-07-04,Ecuador,Chrysal Boost Z,2,Regulador de creci,42400.84,51005.6
SO-000225,2024-10-20,Ecuador,Chrysal Grow X,1,Regulador de creci,87596.14,51555.0
SO-000226,2023-10-07,Kenya,Chrysal Root R,1,Regulador de creci,106856.55,50657.1
SO-000227,2025-01-07,Ecuador,Chrysal Grow X,2,Regulador de creci,88199.64,49731.2
SO-000228,2024-06-12,Kenya,Chrysal Grow X,4,Fertilizante,147164.95,51187.9
SO-000229,2024-05-13,Ecuador,Chrysal Flora F,3,Nutricional,122893.62,51507.7
SO-000230,2023-06-11,Holanda,Chrysal Boost Z,1,Insecticida,237712.94,51402.7
SO-000231,2024-02-27,Kenya,Chrysal Root R,4,Fertilizante,70459.18,51295.5
SO-000232,2025-02-20,Kenya,Chrysal Boost Z,2,Fertilizante,94090.9,50756.0
SO-000233,2023-01-18,Colombia,Chrysal Boost Z,4,Fungicida,54859.42,50435.3
SO-000234,2024-11-22,Holanda,Chrysal Protect Y,1,Regulador de creci,74536.72,51386.2
SO-000235,2024-03-25,Ecuador,Chrysal Flora F,3,Insecticida,90848.02,51298.5
SO-000236,2024-10-18,Kenya,Chrysal Flora F,4,Nutricional,87693.77,50607.4
SO-000237,2024-08-27,Colombia,Chrysal Boost Z,2,Insecticida,100608.61,51776.6
SO-000238,2024-01-30,Holanda,Chrysal Root R,3,Nutricional,173497.98,50382.0
SO-000239,2023-10-09,Colombia,Chrysal Boost Z,4,Insecticida,85128.66,50591.5
SO-000240,2024-07-26,Colombia,Chrysal Boost Z,1,Regulador de creci,76608.79,52145.5
SO-000241,2023-05-08,Ecuador,Chrysal Boost Z,1,Fertilizante,125261.59,51608.0
SO-000242,2024-06-16,Holanda,Chrysal Protect Y,3,Insecticida,36100.83,50749.4
SO-000243,2023-03-28,Holanda,Chrysal Boost Z,2,Fertilizante,342996.7,51201.2
SO-000244,2024-08-15,Kenya,Chrysal Root R,1,Fertilizante,80155.59,51108.4
SO-000245,2024-07-27,Colombia,Chrysal Root R,2,Fertilizante,85861.43,49078.1
SO-000246,2023-03-19,Holanda,Chrysal Root R,4,Fungicida,96763.83,50365.5
SO-000247,2024-11-21,Kenya,Chrysal Grow X,2,Fertilizante,39302.0,50964.4
SO-000248,2024-01-15,Kenya,Chrysal Grow X,2,Fungicida,33725.46,50750.4
SO-000249,2024-12-18,Ecuador,Chrysal Protect Y,4,Regulador de creci,53378.3,51173.0
SO-000250,2023-02-07,Kenya,Chrysal Root R,2,Fertilizante,51057.85,51790.6
SO-000251,2023-06-13,Holanda,Chrysal Root R,4,Nutricional,249492.08,50774.9
SO-000252,2024-03-26,Ecuador,Chrysal Boost Z,2,Regulador de creci,99041.32,50259.6
SO-000253,2023-06-21,Ecuador,Chrysal Protect Y,4,Insecticida,74932.13,51227.4
SO-000254,2023-10-28,Kenya,Chrysal Root R,3,Fertilizante,85891.84,50771.4
SO-000255,2024-08-25,Ecuador,Chrysal Flora F,1,Nutricional,43270.9,50890.8
SO-000256,2023-05-12,Ecuador,Chrysal Flora F,4,Regulador de creci,66150.73,50795.8
SO-000257,2024-09-10,Ecuador,Chrysal Boost Z,2,Fertilizante,97617.73,52569.3
SO-000258,2023-04-05,Colombia,Chrysal Protect Y,1,Insecticida,97848.57,49431.5
SO-000259,2023-06-09,Kenya,Chrysal Grow X,1,Fungicida,58262.79,50728.2
SO-000260,2024-06-19,Holanda,Chrysal Flora F,3,Nutricional,102167.1,50997.4
SO-000261,2024-12-24,Kenya,Chrysal Boost Z,1,Fertilizante,145965.44,50453.2
SO-000262,2023-06-05,Kenya,Chrysal Flora F,2,Insecticida,79472.06,51629.9
SO-000263,2023-10-01,Ecuador,Chrysal Boost Z,1,Insecticida,59204.39,51569.3
SO-000264,2025-04-23,Ecuador,Chrysal Grow X,2,Fungicida,74787.13,50966.6
SO-000265,2025-06-21,Holanda,Chrysal Grow X,2,Fertilizante,90811.14,50810.5
SO-000266,2024-06-13,Kenya,Chrysal Protect Y,2,Insecticida,75464.95,50921.6
SO-000267,2024-02-12,Kenya,Chrysal Boost Z,2,Regulador de creci,79059.36,50926.6
SO-000268,2023-11-13,Holanda,Chrysal Grow X,1,Fertilizante,282961.8,50945.1
SO-000269,2024-07-12,Colombia,Chrysal Protect Y,3,Fungicida,51121.09,50868.4
SO-000270,2024-06-22,Colombia,Chrysal Flora F,2,Regulador de creci,75519.94,51176.7
SO-000271,2023-09-26,Ecuador,Chrysal Boost Z,3,Regulador de creci,75041.96,51527.2
SO-000272,2023-01-21,Holanda,Chrysal Boost Z,1,Fertilizante,180190.49,50138.8
SO-000273,2023-05-19,Ecuador,Chrysal Grow X,1,Insecticida,74689.59,50264.5
SO-000274,2025-05-24,Holanda,Chrysal Flora F,1,Regulador de creci,30000.0,49776.0
SO-000275,2024-01-17,Ecuador,Chrysal Root R,2,Fungicida,106682.4,51606.5
SO-000276,2024-03-15,Holanda,Chrysal Flora F,2,Nutricional,221454.88,51175.2
SO-000277,2024-03-02,Ecuador,Chrysal Root R,4,Fertilizante,91973.1,51353.7
SO-000278,2024-12-14,Colombia,Chrysal Boost Z,2,Fungicida,63751.99,49999.4
SO-000279,2023-03-01,Kenya,Chrysal Root R,2,Regulador de creci,97162.87,52249.5
SO-000280,2023-03-17,Ecuador,Chrysal Grow X,2,Fertilizante,91271.91,50573.8
SO-000281,2023-09-09,Ecuador,Chrysal Flora F,1,Fungicida,105974.51,51117.7
SO-000282,2024-03-19,Ecuador,Chrysal Boost Z,2,Insecticida,101403.81,51598.1
SO-000283,2024-09-04,Colombia,Chrysal Boost Z,2,Regulador de creci,97662.07,50309.1
SO-000284,2024-03-23,Holanda,Chrysal Flora F,2,Insecticida,178154.07,50617.6
SO-000285,2024-02-07,Colombia,Chrysal Flora F,1,Insecticida,87348.18,51125.4
SO-000286,2025-05-05,Colombia,Chrysal Flora F,4,Regulador de creci,111905.27,53000.2
SO-000287,2023-05-27,Kenya,Chrysal Grow X,4,Fungicida,60437.76,51210.8
SO-000288,2024-06-05,Kenya,Chrysal Boost Z,1,Regulador de creci,61147.77,52124.5
SO-000289,2024-05-09,Ecuador,Chrysal Flora F,3,Nutricional,85442.94,51844.0
SO-000290,2024-03-07,Ecuador,Chrysal Root R,4,Regulador de creci,92458.39,51257.6
SO-000291,2025-01-06,Kenya,Chrysal Grow X,2,Fungicida,55276.81,50307.6
SO-000292,2023-09-01,Ecuador,Chrysal Flora F,4,Fertilizante,77757.12,51741.8
SO-000293,2025-05-19,Colombia,Chrysal Boost Z,3,Fungicida,77180.04,49951.3
SO-000294,2023-10-30,Colombia,Chrysal Boost Z,4,Nutricional,30000.0,52120.6
SO-000295,2024-05-12,Kenya,Chrysal Flora F,4,Insecticida,73412.18,51140.0
SO-000296,2024-04-19,Ecuador,Chrysal Protect Y,1,Fertilizante,75280.47,49144.8
SO-000297,2025-02-13,Colombia,Chrysal Boost Z,2,Insecticida,75191.21,50761.6
SO-000298,2024-02-05,Kenya,Chrysal Root R,2,Fungicida,122477.43,51457.8
SO-000299,2023-09-17,Kenya,Chrysal Boost Z,1,Regulador de creci,43526.05,50834.1
SO-000300,2023-01-20,Colombia,Chrysal Grow X,2,Fungicida,55261.32,51500.5
SO-000301,2023-11-28,Holanda,Chrysal Flora F,4,Insecticida,256286.03,50405.0
SO-000302,2025-01-23,Ecuador,Chrysal Flora F,1,Nutricional,65572.5,50085.8
SO-000303,2023-01-10,Kenya,Chrysal Root R,2,Fertilizante,68130.69,50950.0
SO-000304,2025-03-28,Colombia,Chrysal Root R,4,Fungicida,64700.68,51022.1
SO-000305,2024-05-10,Ecuador,Chrysal Flora F,2,Fertilizante,113230.32,50756.1
SO-000306,2023-05-08,Holanda,Chrysal Grow X,2,Fertilizante,205230.4,51859.1
SO-000307,2023-10-03,Ecuador,Chrysal Boost Z,4,Fertilizante,82335.7,50404.9
SO-000308,2024-05-20,Holanda,Chrysal Boost Z,2,Nutricional,36285.41,51219.2
SO-000309,2023-10-15,Kenya,Chrysal Protect Y,1,Nutricional,110785.69,51047.6
SO-000310,2023-04-10,Holanda,Chrysal Grow X,1,Regulador de creci,222441.07,49910.3
SO-000311,2024-08-30,Holanda,Chrysal Protect Y,4,Nutricional,146018.1,50076.7
SO-000312,2024-09-05,Ecuador,Chrysal Root R,2,Fertilizante,30000.0,51008.3
SO-000313,2023-04-19,Colombia,Chrysal Protect Y,2,Fungicida,66760.57,52386.8
SO-000314,2023-09-14,Colombia,Chrysal Grow X,1,Insecticida,102639.31,51405.5
SO-000315,2023-08-11,Holanda,Chrysal Boost Z,2,Fungicida,30000.0,49792.1
SO-000316,2024-08-24,Kenya,Chrysal Boost Z,4,Fertilizante,81848.31,48822.7
SO-000317,2024-10-28,Ecuador,Chrysal Root R,2,Regulador de creci,57039.33,51513.1
SO-000318,2024-10-25,Ecuador,Chrysal Grow X,4,Nutricional,44451.04,50932.7
SO-000319,2025-05-06,Holanda,Chrysal Grow X,2,Fertilizante,249243.71,51798.9
SO-000320,2024-12-02,Holanda,Chrysal Root R,2,Fertilizante,252185.61,50383.5
SO-000321,2023-10-20,Colombia,Chrysal Grow X,4,Fungicida,96510.35,51245.1
SO-000322,2023-04-09,Kenya,Chrysal Flora F,2,Fertilizante,104531.35,51592.3
SO-000323,2024-07-14,Ecuador,Chrysal Boost Z,2,Fertilizante,93088.38,50686.8
SO-000324,2025-04-15,Kenya,Chrysal Flora F,4,Fungicida,73410.15,50701.7
SO-000325,2025-06-08,Kenya,Chrysal Flora F,2,Nutricional,96948.22,51017.7
SO-000326,2023-07-29,Holanda,Chrysal Grow X,2,Insecticida,290239.44,51379.9
SO-000327,2023-08-04,Ecuador,Chrysal Protect Y,4,Nutricional,56656.28,50990.0
SO-000328,2023-02-04,Kenya,Chrysal Flora F,1,Regulador de creci,135512.37,51681.8
SO-000329,2023-05-09,Colombia,Chrysal Protect Y,2,Insecticida,69449.62,50676.6
SO-000330,2024-05-21,Holanda,Chrysal Boost Z,1,Fungicida,30000.0,50070.1
SO-000331,2024-05-13,Colombia,Chrysal Boost Z,2,Fungicida,30000.0,52383.9
SO-000332,2023-12-05,Colombia,Chrysal Grow X,1,Fungicida,118294.13,50576.8
SO-000333,2023-10-10,Colombia,Chrysal Boost Z,3,Nutricional,124062.91,50602.1
SO-000334,2025-01-26,Holanda,Chrysal Flora F,1,Insecticida,143141.79,50953.9
SO-000335,2024-02-24,Kenya,Chrysal Flora F,3,Insecticida,96763.13,51047.0
SO-000336,2025-01-07,Holanda,Chrysal Grow X,2,Nutricional,30000.0,50729.3
SO-000337,2025-05-28,Holanda,Chrysal Protect Y,2,Nutricional,171999.62,50987.8
SO-000338,2023-10-17,Ecuador,Chrysal Root R,2,Regulador de creci,96413.67,50972.2
SO-000339,2023-07-04,Ecuador,Chrysal Flora F,3,Fertilizante,55741.09,51122.4
SO-000340,2025-05-19,Kenya,Chrysal Grow X,2,Insecticida,61737.29,49349.8
SO-000341,2024-08-01,Holanda,Chrysal Flora F,2,Fertilizante,169572.33,52316.6
SO-000342,2023-09-23,Ecuador,Chrysal Flora F,4,Fungicida,109239.73,50896.9
SO-000343,2024-07-21,Colombia,Chrysal Grow X,2,Nutricional,58808.73,51406.4
SO-000344,2024-04-14,Holanda,Chrysal Grow X,1,Fertilizante,358827.04,50035.3
SO-000345,2025-04-05,Ecuador,Chrysal Flora F,4,Fertilizante,60632.1,50670.3
SO-000346,2023-08-22,Kenya,Chrysal Grow X,2,Regulador de creci,101979.19,50529.4
SO-000347,2025-06-23,Kenya,Chrysal Boost Z,1,Nutricional,50000.46,52028.8
SO-000348,2025-05-03,Kenya,Chrysal Flora F,2,Insecticida,90701.38,50589.9
SO-000349,2023-06-14,Kenya,Chrysal Boost Z,1,Nutricional,102405.4,51530.7
SO-000350,2023-05-31,Holanda,Chrysal Boost Z,1,Fertilizante,213793.77,50544.7
SO-000351,2024-05-01,Colombia,Chrysal Boost Z,3,Fertilizante,110301.91,50683.2
SO-000352,2023-02-10,Holanda,Chrysal Grow X,1,Regulador de creci,239266.32,50828.1
SO-000353,2023-09-30,Colombia,Chrysal Flora F,4,Fungicida,73584.33,51898.7
SO-000354,2024-02-01,Ecuador,Chrysal Root R,4,Regulador de creci,50682.61,49677.1
SO-000355,2025-06-03,Holanda,Chrysal Grow X,3,Fungicida,30000.0,50079.0
SO-000356,2025-06-24,Kenya,Chrysal Root R,3,Insecticida,57004.39,49636.9
SO-000357,2023-05-19,Ecuador,Chrysal Flora F,3,Insecticida,90493.15,50238.7
SO-000358,2025-03-24,Ecuador,Chrysal Grow X,4,Nutricional,77860.52,50431.9
SO-000359,2023-03-24,Holanda,Chrysal Flora F,2,Fungicida,30000.0,49869.9
SO-000360,2024-11-13,Holanda,Chrysal Protect Y,1,Fungicida,239454.34,50486.1
SO-000361,2025-02-10,Ecuador,Chrysal Flora F,2,Fungicida,121486.17,49589.7
SO-000362,2025-03-23,Kenya,Chrysal Flora F,2,Fertilizante,86049.73,50287.4
SO-000363,2023-07-23,Ecuador,Chrysal Flora F,1,Nutricional,49725.49,51840.3
SO-000364,2025-03-25,Ecuador,Chrysal Flora F,3,Fungicida,89159.85,51282.5
SO-000365,2023-04-16,Ecuador,Chrysal Grow X,1,Fungicida,75616.58,51131.2
SO-000366,2024-04-18,Colombia,Chrysal Flora F,4,Regulador de creci,183621.39,50298.1
SO-000367,2024-03-04,Kenya,Chrysal Boost Z,2,Insecticida,88553.72,49924.7
SO-000368,2023-10-16,Colombia,Chrysal Boost Z,1,Regulador de creci,68581.25,50202.6
SO-000369,2023-01-21,Kenya,Chrysal Flora F,1,Regulador de creci,122600.84,50969.8
SO-000370,2024-12-05,Ecuador,Chrysal Flora F,1,Fertilizante,30000.0,51607.7
SO-000371,2023-11-03,Kenya,Chrysal Protect Y,2,Insecticida,82829.6,51631.7
SO-000372,2024-08-26,Holanda,Chrysal Boost Z,1,Nutricional,316360.79,51441.4
SO-000373,2024-01-10,Colombia,Chrysal Boost Z,2,Fungicida,76514.02,50483.7
SO-000374,2023-12-07,Ecuador,Chrysal Root R,1,Fertilizante,30000.0,51017.2
SO-000375,2025-03-19,Colombia,Chrysal Root R,2,Fertilizante,68122.46,50775.1
SO-000376,2023-03-28,Colombia,Chrysal Boost Z,2,Nutricional,123635.54,50859.2
SO-000377,2024-11-02,Colombia,Chrysal Grow X,2,Regulador de creci,91282.09,52426.0
SO-000378,2024-11-12,Colombia,Chrysal Grow X,2,Insecticida,54834.32,49766.6
SO-000379,2023-12-13,Holanda,Chrysal Flora F,1,Fertilizante,398505.86,50835.7
SO-000380,2023-08-28,Kenya,Chrysal Boost Z,1,Nutricional,63208.99,51848.2
SO-000381,2023-01-05,Holanda,Chrysal Flora F,1,Insecticida,190175.13,49973.9
SO-000382,2025-05-04,Colombia,Chrysal Protect Y,4,Regulador de creci,120145.88,50549.4
SO-000383,2025-05-14,Colombia,Chrysal Grow X,4,Regulador de creci,111572.69,50629.7
SO-000384,2023-08-08,Holanda,Chrysal Grow X,4,Fertilizante,281275.95,50843.7
SO-000385,2023-01-30,Colombia,Chrysal Root R,2,Nutricional,40050.66,49882.8
SO-000386,2023-04-22,Kenya,Chrysal Flora F,2,Nutricional,40162.02,51416.7
SO-000387,2023-03-03,Colombia,Chrysal Root R,2,Nutricional,95997.56,51466.4
SO-000388,2025-01-27,Holanda,Chrysal Boost Z,4,Insecticida,30000.0,51355.9
SO-000389,2025-03-24,Holanda,Chrysal Flora F,4,Insecticida,233546.94,50390.7
SO-000390,2023-05-20,Holanda,Chrysal Flora F,4,Fungicida,500862.07,51060.6
SO-000391,2024-11-12,Colombia,Chrysal Root R,4,Fertilizante,45872.18,50370.4
SO-000392,2023-06-13,Colombia,Chrysal Grow X,2,Regulador de creci,49272.13,50767.2
SO-000393,2023-12-01,Ecuador,Chrysal Grow X,4,Regulador de creci,77176.37,52507.4
SO-000394,2024-06-30,Colombia,Chrysal Grow X,4,Insecticida,95109.51,51067.0
SO-000395,2024-10-18,Kenya,Chrysal Grow X,2,Insecticida,111845.56,50168.7
SO-000396,2025-03-08,Holanda,Chrysal Boost Z,4,Regulador de creci,98455.73,51126.2
SO-000397,2023-02-10,Holanda,Chrysal Flora F,1,Insecticida,336238.81,50053.7
SO-000398,2023-06-29,Holanda,Chrysal Boost Z,4,Fungicida,243573.7,50160.7
SO-000399,2023-09-13,Ecuador,Chrysal Protect Y,4,Nutricional,47872.79,50271.2
SO-000400,2023-10-11,Ecuador,Chrysal Root R,1,Insecticida,64673.69,50689.0
SO-000401,2025-06-29,Holanda,Chrysal Flora F,3,Insecticida,30000.0,51655.9
SO-000402,2024-12-09,Holanda,Chrysal Protect Y,1,Regulador de creci,112120.23,51404.9
SO-000403,2023-10-20,Colombia,Chrysal Flora F,4,Fertilizante,30000.0,51366.1
SO-000404,2025-06-05,Holanda,Chrysal Flora F,4,Insecticida,153127.02,50230.8
SO-000405,2024-03-31,Kenya,Chrysal Root R,3,Nutricional,116135.23,50621.1
SO-000406,2024-04-01,Colombia,Chrysal Grow X,4,Fertilizante,82376.45,51190.4
SO-000407,2024-01-31,Holanda,Chrysal Root R,1,Nutricional,315707.81,50560.2
SO-000408,2023-05-12,Ecuador,Chrysal Boost Z,2,Regulador de creci,150674.64,50805.1
SO-000409,2025-05-02,Colombia,Chrysal Flora F,2,Nutricional,79131.75,51309.0
SO-000410,2023-01-13,Holanda,Chrysal Root R,1,Regulador de creci,333833.71,50755.9
SO-000411,2023-06-08,Kenya,Chrysal Flora F,2,Regulador de creci,91985.74,51158.2
SO-000412,2023-07-29,Colombia,Chrysal Boost Z,2,Regulador de creci,68972.14,52114.9
SO-000413,2023-09-12,Colombia,Chrysal Grow X,2,Insecticida,58172.79,50879.7
SO-000414,2023-05-01,Colombia,Chrysal Root R,2,Fungicida,143650.25,51825.5
SO-000415,2023-01-17,Ecuador,Chrysal Protect Y,4,Regulador de creci,110096.18,51391.6
SO-000416,2024-09-10,Colombia,Chrysal Protect Y,2,Fungicida,104658.12,49972.9
SO-000417,2025-06-03,Colombia,Chrysal Boost Z,4,Regulador de creci,97288.68,50228.5
SO-000418,2023-04-22,Colombia,Chrysal Root R,2,Regulador de creci,49900.48,50416.5
SO-000419,2023-09-28,Colombia,Chrysal Protect Y,2,Fertilizante,118325.91,50401.6
SO-000420,2024-04-06,Kenya,Chrysal Grow X,2,Fungicida,54706.02,50936.8
SO-000421,2025-04-25,Colombia,Chrysal Flora F,2,Nutricional,88498.6,51430.3
SO-000422,2024-09-25,Kenya,Chrysal Grow X,2,Regulador de creci,30818.3,51878.6
SO-000423,2024-11-29,Kenya,Chrysal Grow X,2,Fungicida,30000.0,51215.7
SO-000424,2024-06-13,Ecuador,Chrysal Boost Z,1,Insecticida,89548.74,50688.0
SO-000425,2024-01-16,Colombia,Chrysal Boost Z,2,Fungicida,55727.02,49542.4
SO-000426,2023-07-02,Ecuador,Chrysal Boost Z,2,Insecticida,30000.0,51049.4
SO-000427,2025-02-27,Kenya,Chrysal Boost Z,2,Insecticida,96218.29,51018.0
SO-000428,2025-01-03,Colombia,Chrysal Flora F,4,Regulador de creci,143602.42,51128.1
SO-000429,2023-01-23,Ecuador,Chrysal Boost Z,2,Regulador de creci,121686.81,52474.4
SO-000430,2024-10-14,Ecuador,Chrysal Boost Z,4,Fungicida,72280.46,51868.4
SO-000431,2023-03-18,Holanda,Chrysal Boost Z,4,Fungicida,119190.72,51549.5
SO-000432,2024-11-04,Ecuador,Chrysal Grow X,4,Fungicida,106631.19,50326.5
SO-000433,2025-01-23,Holanda,Chrysal Boost Z,4,Regulador de creci,242799.4,50640.9
SO-000434,2023-04-30,Kenya,Chrysal Root R,1,Insecticida,69693.93,50933.6
SO-000435,2024-01-31,Ecuador,Chrysal Protect Y,2,Regulador de creci,81025.33,50457.2
SO-000436,2023-04-23,Holanda,Chrysal Grow X,1,Insecticida,30000.0,51350.3
SO-000437,2024-06-01,Ecuador,Chrysal Flora F,4,Fungicida,96616.29,51249.8
SO-000438,2025-04-25,Holanda,Chrysal Boost Z,2,Fertilizante,332872.9,50238.2
SO-000439,2023-03-15,Ecuador,Chrysal Flora F,2,Fungicida,76397.44,51837.8
SO-000440,2023-12-29,Kenya,Chrysal Boost Z,4,Fungicida,121394.97,51071.6
SO-000441,2025-06-06,Colombia,Chrysal Grow X,1,Fungicida,116285.62,49789.7
SO-000442,2023-10-02,Holanda,Chrysal Flora F,2,Fertilizante,139784.32,50964.1
SO-000443,2023-05-01,Holanda,Chrysal Protect Y,3,Nutricional,152138.35,51196.8
SO-000444,2024-03-21,Colombia,Chrysal Flora F,1,Nutricional,68406.63,51681.0
SO-000445,2024-04-08,Colombia,Chrysal Boost Z,2,Fertilizante,128689.2,50763.8
SO-000446,2024-08-27,Holanda,Chrysal Protect Y,4,Fungicida,156857.19,51579.6
SO-000447,2023-10-14,Colombia,Chrysal Flora F,1,Fertilizante,178130.78,51131.0
SO-000448,2025-05-21,Colombia,Chrysal Protect Y,2,Insecticida,44225.54,50079.5
SO-000449,2024-04-20,Kenya,Chrysal Root R,2,Nutricional,59319.64,50009.4
SO-000450,2023-09-19,Kenya,Chrysal Protect Y,3,Regulador de creci,92563.93,51785.8
SO-000451,2025-05-25,Kenya,Chrysal Protect Y,1,Insecticida,91917.02,51837.2
SO-000452,2025-04-23,Holanda,Chrysal Flora F,4,Fertilizante,30000.0,51226.0
SO-000453,2024-03-31,Ecuador,Chrysal Root R,4,Fungicida,59948.76,52047.0
SO-000454,2023-01-23,Kenya,Chrysal Boost Z,1,Fertilizante,107147.56,51739.6
SO-000455,2024-06-28,Colombia,Chrysal Flora F,2,Insecticida,114873.89,51478.5
SO-000456,2024-05-21,Colombia,Chrysal Boost Z,2,Nutricional,101139.43,50362.1
SO-000457,2023-05-16,Kenya,Chrysal Protect Y,3,Fertilizante,51170.11,52212.0
SO-000458,2024-08-01,Colombia,Chrysal Boost Z,2,Fungicida,122232.76,51375.4
SO-000459,2025-02-05,Kenya,Chrysal Root R,1,Fertilizante,116879.75,50729.9
SO-000460,2023-04-07,Ecuador,Chrysal Protect Y,1,Regulador de creci,97987.54,50532.2
SO-000461,2024-10-21,Colombia,Chrysal Grow X,4,Nutricional,86130.43,51179.7
SO-000462,2023-05-08,Colombia,Chrysal Grow X,2,Fungicida,86783.24,49830.3
SO-000463,2024-11-13,Ecuador,Chrysal Protect Y,4,Regulador de creci,77637.93,51489.8
SO-000464,2024-01-18,Kenya,Chrysal Protect Y,2,Nutricional,99223.55,50332.5
SO-000465,2023-01-06,Colombia,Chrysal Flora F,4,Regulador de creci,80934.05,51259.4
SO-000466,2025-05-31,Ecuador,Chrysal Root R,1,Fungicida,54544.25,50634.9
SO-000467,2023-06-01,Ecuador,Chrysal Grow X,1,Insecticida,48542.25,50814.9
SO-000468,2024-06-27,Kenya,Chrysal Flora F,4,Fertilizante,57438.91,50470.2
SO-000469,2023-06-15,Kenya,Chrysal Grow X,4,Fungicida,86663.97,50887.1
SO-000470,2025-04-30,Holanda,Chrysal Grow X,2,Nutricional,39659.84,52322.6
SO-000471,2024-11-04,Colombia,Chrysal Root R,2,Fertilizante,86460.31,51969.5
SO-000472,2025-01-03,Kenya,Chrysal Boost Z,2,Fungicida,95024.39,51248.1
SO-000473,2024-01-30,Holanda,Chrysal Flora F,2,Fungicida,30000.0,50982.3
SO-000474,2024-03-02,Kenya,Chrysal Protect Y,1,Nutricional,123969.81,51590.9
SO-000475,2024-08-01,Ecuador,Chrysal Protect Y,4,Fungicida,71968.68,51791.0
SO-000476,2024-12-16,Colombia,Chrysal Grow X,2,Regulador de creci,66997.19,50419.1
SO-000477,2025-02-11,Kenya,Chrysal Root R,3,Nutricional,94471.59,50945.8
SO-000478,2023-01-17,Colombia,Chrysal Boost Z,1,Regulador de creci,30000.0,49724.6
SO-000479,2024-08-28,Ecuador,Chrysal Grow X,1,Insecticida,56283.97,51786.2
SO-000480,2023-04-10,Holanda,Chrysal Root R,3,Nutricional,107037.21,52445.5
SO-000481,2023-09-20,Kenya,Chrysal Root R,2,Regulador de creci,30000.0,51056.1
SO-000482,2025-01-26,Kenya,Chrysal Grow X,3,Insecticida,113527.23,49512.5
SO-000483,2023-08-17,Holanda,Chrysal Boost Z,1,Regulador de creci,248803.8,51426.2
SO-000484,2024-12-27,Kenya,Chrysal Protect Y,4,Fertilizante,68916.34,50367.1
SO-000485,2024-02-27,Kenya,Chrysal Grow X,3,Nutricional,88754.38,50535.7
SO-000486,2023-08-01,Kenya,Chrysal Boost Z,4,Regulador de creci,113572.61,51438.6
SO-000487,2023-11-01,Ecuador,Chrysal Flora F,1,Insecticida,65996.32,51178.2
SO-000488,2024-04-29,Ecuador,Chrysal Protect Y,2,Fungicida,106033.27,50658.3
SO-000489,2024-11-28,Holanda,Chrysal Flora F,2,Insecticida,384817.43,50545.3
SO-000490,2024-07-06,Kenya,Chrysal Boost Z,2,Fungicida,65671.93,51088.1
SO-000491,2025-05-01,Colombia,Chrysal Flora F,2,Fertilizante,56019.91,50713.4
SO-000492,2025-03-02,Ecuador,Chrysal Root R,1,Insecticida,90279.42,50223.5
SO-000493,2024-11-18,Kenya,Chrysal Root R,2,Fertilizante,114739.07,50767.2
SO-000494,2024-07-04,Holanda,Chrysal Grow X,2,Fungicida,294646.35,51237.7
SO-000495,2023-09-22,Colombia,Chrysal Boost Z,2,Insecticida,41862.53,50875.3
SO-000496,2024-01-12,Ecuador,Chrysal Boost Z,1,Regulador de creci,47518.8,50010.5
SO-000497,2023-04-19,Holanda,Chrysal Root R,2,Insecticida,211754.72,51692.3
SO-000498,2023-12-08,Kenya,Chrysal Protect Y,3,Fertilizante,135323.49,49082.8
SO-000499,2025-04-24,Colombia,Chrysal Root R,2,Fertilizante,91811.75,50687.5
SO-000500,2024-01-24,Ecuador,Chrysal Root R,2,Fertilizante,68393.1,50565.9
SO-000501,2023-04-14,Colombia,Chrysal Grow X,2,Fungicida,102985.52,51103.7
SO-000502,2024-08-17,Colombia,Chrysal Boost Z,4,Fertilizante,72815.04,51393.2
SO-000503,2025-05-27,Ecuador,Chrysal Root R,2,Fungicida,68651.44,51788.7
SO-000504,2025-03-02,Ecuador,Chrysal Root R,2,Fertilizante,51246.23,50501.3
SO-000505,2023-09-07,Colombia,Chrysal Root R,4,Regulador de creci,122253.47,51410.6
SO-000506,2024-02-18,Holanda,Chrysal Protect Y,2,Insecticida,499272.67,51137.1
SO-000507,2024-04-29,Kenya,Chrysal Flora F,4,Fungicida,103935.78,49801.9
SO-000508,2023-08-15,Ecuador,Chrysal Boost Z,4,Fungicida,66087.65,52330.4
SO-000509,2023-09-03,Holanda,Chrysal Protect Y,1,Insecticida,202530.4,49992.9
SO-000510,2023-08-04,Kenya,Chrysal Flora F,2,Fertilizante,130769.45,51293.6
SO-000511,2025-06-26,Kenya,Chrysal Flora F,3,Fertilizante,58576.07,51273.0
SO-000512,2024-11-11,Kenya,Chrysal Protect Y,4,Fertilizante,59597.93,51192.9
SO-000513,2025-02-05,Ecuador,Chrysal Flora F,2,Fungicida,76088.17,50653.8
SO-000514,2025-01-14,Kenya,Chrysal Flora F,1,Regulador de creci,92415.42,51579.1
SO-000515,2025-05-24,Colombia,Chrysal Flora F,2,Insecticida,66744.33,49907.7
SO-000516,2023-04-07,Ecuador,Chrysal Boost Z,1,Regulador de creci,32784.23,50953.9
SO-000517,2025-03-15,Ecuador,Chrysal Grow X,4,Insecticida,54029.05,50605.3
SO-000518,2023-03-02,Ecuador,Chrysal Grow X,2,Insecticida,118440.02,50525.9
SO-000519,2024-03-09,Colombia,Chrysal Boost Z,3,Regulador de creci,82243.3,51300.1
SO-000520,2024-06-26,Colombia,Chrysal Boost Z,4,Fungicida,93532.62,51754.2
SO-000521,2023-11-23,Kenya,Chrysal Boost Z,3,Regulador de creci,72157.36,50759.7
SO-000522,2023-05-14,Colombia,Chrysal Boost Z,3,Nutricional,60215.07,51546.5
SO-000523,2023-06-25,Ecuador,Chrysal Boost Z,4,Fungicida,130327.08,51034.8
SO-000524,2025-01-22,Holanda,Chrysal Flora F,4,Fertilizante,387335.57,50375.1
SO-000525,2023-10-18,Kenya,Chrysal Grow X,4,Regulador de creci,66698.9,50819.4
SO-000526,2023-10-11,Ecuador,Chrysal Root R,1,Fertilizante,112884.27,50790.4
SO-000527,2025-04-22,Holanda,Chrysal Flora F,2,Nutricional,30000.0,50512.3
SO-000528,2023-05-12,Holanda,Chrysal Flora F,1,Nutricional,397889.04,51299.9
SO-000529,2025-04-14,Kenya,Chrysal Flora F,4,Nutricional,80307.4,51164.3
SO-000530,2025-04-19,Kenya,Chrysal Flora F,3,Fertilizante,80008.1,49886.5
SO-000531,2024-06-29,Holanda,Chrysal Flora F,2,Nutricional,30000.0,49843.9
SO-000532,2023-05-31,Kenya,Chrysal Root R,1,Insecticida,142750.07,51297.3
SO-000533,2023-05-23,Ecuador,Chrysal Boost Z,2,Fungicida,90087.45,50429.3
SO-000534,2023-09-17,Holanda,Chrysal Root R,3,Nutricional,143385.29,51211.4
SO-000535,2024-06-10,Colombia,Chrysal Protect Y,1,Fungicida,89788.97,51546.7
SO-000536,2023-05-21,Holanda,Chrysal Flora F,1,Insecticida,30000.0,50110.3
SO-000537,2024-02-20,Holanda,Chrysal Root R,4,Fungicida,51495.19,50011.9
SO-000538,2023-04-16,Colombia,Chrysal Boost Z,4,Regulador de creci,87378.42,52172.1
SO-000539,2024-05-07,Colombia,Chrysal Root R,1,Fungicida,79139.65,51246.1
SO-000540,2023-01-20,Kenya,Chrysal Grow X,2,Nutricional,78421.64,50706.5
SO-000541,2024-10-08,Holanda,Chrysal Grow X,4,Fertilizante,352570.91,50346.2
SO-000542,2023-02-20,Ecuador,Chrysal Grow X,3,Fertilizante,63737.58,50642.7
SO-000543,2023-06-27,Colombia,Chrysal Flora F,3,Insecticida,51569.41,50166.6
SO-000544,2023-06-09,Colombia,Chrysal Boost Z,2,Regulador de creci,170713.44,51618.4
SO-000545,2025-01-27,Ecuador,Chrysal Flora F,2,Regulador de creci,58524.28,50456.3
SO-000546,2023-02-18,Ecuador,Chrysal Protect Y,1,Regulador de creci,83004.29,51765.5
SO-000547,2024-01-27,Holanda,Chrysal Grow X,3,Nutricional,30000.0,50719.6
SO-000548,2024-06-23,Colombia,Chrysal Grow X,1,Insecticida,83494.05,50269.7
SO-000549,2024-04-15,Colombia,Chrysal Flora F,1,Fertilizante,52003.23,50701.6
SO-000550,2024-09-12,Kenya,Chrysal Root R,3,Fungicida,66725.81,49163.1
SO-000551,2025-01-02,Holanda,Chrysal Flora F,4,Fertilizante,157872.69,50915.5
SO-000552,2023-12-25,Holanda,Chrysal Grow X,4,Regulador de creci,30000.0,50880.9
SO-000553,2025-01-25,Colombia,Chrysal Protect Y,2,Insecticida,97052.29,51577.3
SO-000554,2023-10-18,Holanda,Chrysal Flora F,2,Nutricional,257236.03,49679.6
SO-000555,2025-06-16,Ecuador,Chrysal Root R,2,Fungicida,135106.86,51813.3
SO-000556,2024-04-05,Kenya,Chrysal Root R,2,Fertilizante,44243.56,51574.4
SO-000557,2024-11-02,Kenya,Chrysal Flora F,2,Regulador de creci,125856.82,51876.4
SO-000558,2025-03-09,Colombia,Chrysal Root R,2,Fungicida,110646.32,50963.1
SO-000559,2024-12-23,Holanda,Chrysal Boost Z,2,Fungicida,120853.53,51709.7
SO-000560,2025-02-15,Holanda,Chrysal Boost Z,4,Nutricional,30000.0,49970.1
SO-000561,2024-05-04,Ecuador,Chrysal Root R,4,Insecticida,84547.7,51499.1
SO-000562,2023-02-09,Ecuador,Chrysal Flora F,1,Fertilizante,65872.36,50460.2
SO-000563,2024-03-25,Ecuador,Chrysal Flora F,2,Nutricional,80871.19,49844.0
SO-000564,2023-06-15,Ecuador,Chrysal Root R,1,Nutricional,72503.83,50213.1
SO-000565,2025-03-21,Ecuador,Chrysal Flora F,2,Insecticida,30000.0,51003.9
SO-000566,2023-08-04,Ecuador,Chrysal Root R,2,Nutricional,113653.52,50423.0
SO-000567,2023-07-27,Colombia,Chrysal Grow X,1,Fertilizante,77566.79,51263.3
SO-000568,2023-08-16,Colombia,Chrysal Boost Z,4,Fungicida,65455.99,49734.2
SO-000569,2024-08-09,Holanda,Chrysal Flora F,2,Insecticida,103421.4,49511.0
SO-000570,2024-06-04,Kenya,Chrysal Grow X,4,Insecticida,90753.79,51960.7
SO-000571,2025-05-15,Colombia,Chrysal Root R,1,Regulador de creci,53187.31,51632.7
SO-000572,2024-01-15,Ecuador,Chrysal Boost Z,1,Nutricional,30000.0,50265.5
SO-000573,2023-09-15,Kenya,Chrysal Flora F,2,Regulador de creci,92213.89,50997.9
SO-000574,2023-02-14,Kenya,Chrysal Grow X,1,Regulador de creci,95573.09,51713.7
SO-000575,2023-01-07,Colombia,Chrysal Boost Z,2,Insecticida,74011.05,51293.4
SO-000576,2023-12-07,Holanda,Chrysal Protect Y,4,Fungicida,193638.06,51103.8
SO-000577,2025-04-24,Colombia,Chrysal Root R,1,Insecticida,82668.07,51766.6
SO-000578,2024-04-22,Ecuador,Chrysal Grow X,1,Fertilizante,36064.03,50488.5
SO-000579,2025-03-25,Kenya,Chrysal Grow X,2,Nutricional,49183.08,51021.8
SO-000580,2023-04-03,Kenya,Chrysal Boost Z,2,Insecticida,57479.06,50987.5
SO-000581,2023-03-27,Holanda,Chrysal Boost Z,2,Fertilizante,110415.38,50809.1
SO-000582,2025-01-30,Holanda,Chrysal Flora F,2,Fungicida,475623.9,50727.1
SO-000583,2023-04-08,Holanda,Chrysal Protect Y,4,Insecticida,30000.0,51051.0
SO-000584,2023-02-17,Ecuador,Chrysal Protect Y,1,Insecticida,138640.78,51024.1
SO-000585,2024-01-04,Ecuador,Chrysal Flora F,2,Fertilizante,90573.87,50266.1
SO-000586,2025-04-23,Colombia,Chrysal Boost Z,3,Nutricional,90169.84,51561.3
SO-000587,2024-09-20,Ecuador,Chrysal Boost Z,4,Nutricional,68908.98,50316.5
SO-000588,2023-04-01,Colombia,Chrysal Flora F,2,Fungicida,62108.85,50847.2
SO-000589,2025-02-02,Ecuador,Chrysal Root R,2,Fungicida,30000.0,50793.3
SO-000590,2025-02-08,Colombia,Chrysal Protect Y,1,Nutricional,109062.22,51250.7
SO-000591,2024-12-31,Holanda,Chrysal Protect Y,1,Insecticida,151623.89,49516.6
SO-000592,2025-04-03,Ecuador,Chrysal Grow X,1,Fertilizante,74625.02,51623.6
SO-000593,2023-08-07,Colombia,Chrysal Boost Z,3,Nutricional,75883.2,50526.1
SO-000594,2025-06-12,Holanda,Chrysal Root R,2,Regulador de creci,173268.46,51854.0
SO-000595,2023-10-20,Holanda,Chrysal Grow X,3,Nutricional,232940.17,50665.3
SO-000596,2025-01-01,Colombia,Chrysal Boost Z,1,Fertilizante,62303.56,50965.8
SO-000597,2024-06-12,Kenya,Chrysal Root R,4,Regulador de creci,45910.91,52339.7
SO-000598,2024-12-11,Ecuador,Chrysal Flora F,4,Nutricional,133145.28,50805.9
SO-000599,2024-07-26,Ecuador,Chrysal Flora F,1,Fertilizante,106269.67,51867.2
SO-000600,2024-08-08,Holanda,Chrysal Flora F,1,Insecticida,485498.64,51027.3
SO-000601,2024-07-16,Kenya,Chrysal Root R,1,Fertilizante,34587.15,51290.8
SO-000602,2024-12-11,Colombia,Chrysal Root R,4,Fungicida,76029.63,51049.0
SO-000603,2024-11-05,Colombia,Chrysal Root R,1,Nutricional,65826.79,51593.5
SO-000604,2023-05-03,Colombia,Chrysal Grow X,2,Fertilizante,40268.53,50520.1
SO-000605,2025-01-23,Ecuador,Chrysal Flora F,2,Nutricional,138342.87,50311.2
SO-000606,2024-05-03,Ecuador,Chrysal Boost Z,4,Regulador de creci,89376.2,50553.0
SO-000607,2023-10-22,Ecuador,Chrysal Root R,2,Nutricional,94244.49,51069.8
SO-000608,2024-04-13,Kenya,Chrysal Flora F,2,Fungicida,59239.55,50845.4
SO-000609,2025-05-31,Kenya,Chrysal Boost Z,4,Insecticida,101668.22,51497.2
SO-000610,2025-02-21,Kenya,Chrysal Grow X,1,Insecticida,68587.02,51913.3
SO-000611,2025-01-30,Kenya,Chrysal Grow X,4,Regulador de creci,71499.7,50316.9
SO-000612,2024-02-27,Holanda,Chrysal Protect Y,1,Regulador de creci,222671.78,50486.2
SO-000613,2024-12-16,Colombia,Chrysal Flora F,2,Insecticida,31130.07,49994.6
SO-000614,2023-12-18,Colombia,Chrysal Root R,4,Fertilizante,127910.84,52421.3
SO-000615,2024-09-17,Ecuador,Chrysal Flora F,3,Insecticida,85471.68,51213.3
SO-000616,2024-08-06,Holanda,Chrysal Flora F,3,Regulador de creci,135446.76,51335.9
SO-000617,2023-08-16,Ecuador,Chrysal Flora F,2,Regulador de creci,47737.41,50061.9
SO-000618,2023-09-01,Colombia,Chrysal Root R,2,Fungicida,52305.05,50999.2
SO-000619,2023-02-25,Kenya,Chrysal Grow X,2,Nutricional,45142.99,51356.5
SO-000620,2023-05-08,Colombia,Chrysal Flora F,2,Regulador de creci,87508.93,50823.1
SO-000621,2024-01-31,Holanda,Chrysal Root R,2,Fungicida,31127.14,51753.0
SO-000622,2024-03-11,Colombia,Chrysal Protect Y,2,Fertilizante,66067.65,52618.3
SO-000623,2023-05-31,Colombia,Chrysal Protect Y,2,Fertilizante,49577.92,50337.1
SO-000624,2024-01-16,Ecuador,Chrysal Grow X,2,Nutricional,42002.11,50284.5
SO-000625,2024-07-05,Holanda,Chrysal Flora F,2,Fertilizante,141419.41,50385.6
SO-000626,2023-08-01,Kenya,Chrysal Flora F,1,Fertilizante,66032.4,52124.3
SO-000627,2023-11-05,Holanda,Chrysal Protect Y,4,Insecticida,30000.0,51729.6
SO-000628,2023-12-02,Holanda,Chrysal Boost Z,3,Nutricional,30000.0,50905.1
SO-000629,2024-04-05,Kenya,Chrysal Flora F,1,Nutricional,77530.23,51025.6
SO-000630,2023-12-01,Colombia,Chrysal Boost Z,3,Insecticida,118101.29,50428.4
SO-000631,2024-11-03,Ecuador,Chrysal Protect Y,4,Insecticida,64002.43,51623.0
SO-000632,2023-10-26,Ecuador,Chrysal Flora F,1,Fungicida,87343.29,50734.1
SO-000633,2024-01-31,Kenya,Chrysal Protect Y,1,Nutricional,78335.72,50817.9
SO-000634,2023-12-13,Holanda,Chrysal Root R,1,Fertilizante,102696.86,51426.2
SO-000635,2023-06-16,Colombia,Chrysal Grow X,1,Nutricional,122850.15,50868.4
SO-000636,2024-09-17,Ecuador,Chrysal Root R,4,Insecticida,75945.39,50835.5
SO-000637,2023-08-03,Holanda,Chrysal Boost Z,4,Insecticida,124997.51,51007.4
SO-000638,2023-09-28,Colombia,Chrysal Boost Z,1,Regulador de creci,57439.14,51556.7
SO-000639,2024-12-23,Holanda,Chrysal Boost Z,3,Regulador de creci,30000.0,52152.5
SO-000640,2025-05-15,Ecuador,Chrysal Boost Z,1,Fertilizante,53994.43,51409.8
SO-000641,2024-09-03,Kenya,Chrysal Flora F,2,Fertilizante,117079.95,51562.3
SO-000642,2025-04-15,Ecuador,Chrysal Flora F,4,Fertilizante,89342.28,50860.1
SO-000643,2025-02-18,Ecuador,Chrysal Root R,2,Fertilizante,91011.61,50504.5
SO-000644,2024-03-14,Colombia,Chrysal Protect Y,1,Fertilizante,120745.52,51457.8
SO-000645,2024-12-03,Ecuador,Chrysal Protect Y,2,Regulador de creci,114690.24,51119.9
SO-000646,2023-10-27,Holanda,Chrysal Boost Z,4,Fungicida,268390.02,50004.2
SO-000647,2024-02-24,Kenya,Chrysal Grow X,2,Fungicida,37348.18,50770.4
SO-000648,2024-05-03,Colombia,Chrysal Flora F,1,Regulador de creci,59129.63,50942.0
SO-000649,2025-05-25,Ecuador,Chrysal Flora F,1,Insecticida,49883.36,50642.7
SO-000650,2025-02-12,Holanda,Chrysal Protect Y,2,Fungicida,385788.76,52037.2
SO-000651,2024-03-22,Colombia,Chrysal Flora F,2,Fertilizante,85119.56,51335.9
SO-000652,2024-08-18,Holanda,Chrysal Flora F,4,Fungicida,257503.95,51961.2
SO-000653,2023-07-04,Colombia,Chrysal Root R,4,Fertilizante,74337.67,51184.4
SO-000654,2025-01-03,Colombia,Chrysal Protect Y,4,Nutricional,35176.63,51057.0
SO-000655,2024-05-19,Kenya,Chrysal Boost Z,4,Nutricional,78405.31,50344.4
SO-000656,2024-04-30,Holanda,Chrysal Flora F,1,Nutricional,269229.64,51008.4
SO-000657,2024-11-29,Ecuador,Chrysal Grow X,2,Insecticida,95864.82,51009.1
SO-000658,2024-07-31,Holanda,Chrysal Boost Z,2,Nutricional,86284.84,50043.0
SO-000659,2023-03-08,Kenya,Chrysal Flora F,2,Fungicida,137238.45,50622.3
SO-000660,2023-09-20,Holanda,Chrysal Root R,4,Fertilizante,74145.11,50773.7
SO-000661,2023-06-11,Kenya,Chrysal Flora F,3,Insecticida,67312.57,51289.4
SO-000662,2024-11-01,Kenya,Chrysal Root R,4,Insecticida,104542.1,51322.9
SO-000663,2023-02-02,Holanda,Chrysal Flora F,2,Nutricional,35594.93,50593.1
SO-000664,2023-07-04,Ecuador,Chrysal Flora F,2,Nutricional,51125.82,51328.2
SO-000665,2024-06-28,Holanda,Chrysal Root R,2,Regulador de creci,30000.0,50872.5
SO-000666,2024-09-25,Colombia,Chrysal Flora F,1,Nutricional,30000.0,48991.3
SO-000667,2024-04-04,Kenya,Chrysal Root R,1,Fungicida,78885.18,50660.7
SO-000668,2025-02-23,Ecuador,Chrysal Protect Y,2,Nutricional,49392.1,51755.3
SO-000669,2025-04-18,Colombia,Chrysal Protect Y,1,Insecticida,83039.21,49822.7
SO-000670,2023-05-01,Holanda,Chrysal Flora F,4,Insecticida,87664.61,51078.9
SO-000671,2025-05-18,Ecuador,Chrysal Grow X,1,Fungicida,92727.44,52109.7
SO-000672,2024-07-14,Kenya,Chrysal Root R,1,Insecticida,80579.82,50467.6
SO-000673,2024-08-03,Ecuador,Chrysal Protect Y,4,Insecticida,122010.98,51001.5
SO-000674,2023-03-28,Kenya,Chrysal Boost Z,1,Regulador de creci,80202.04,50087.2
SO-000675,2024-07-21,Kenya,Chrysal Boost Z,4,Fungicida,56940.72,52139.1
SO-000676,2024-10-23,Holanda,Chrysal Grow X,3,Fungicida,42591.33,50941.7
SO-000677,2024-06-13,Ecuador,Chrysal Root R,1,Regulador de creci,39672.91,51032.6
SO-000678,2023-03-19,Holanda,Chrysal Flora F,3,Fungicida,278822.05,51948.0
SO-000679,2024-04-22,Kenya,Chrysal Grow X,3,Nutricional,97695.51,51463.0
SO-000680,2025-05-03,Holanda,Chrysal Boost Z,4,Fertilizante,65556.8,50387.1
SO-000681,2024-10-21,Kenya,Chrysal Flora F,4,Regulador de creci,61344.92,50546.9
SO-000682,2023-05-06,Kenya,Chrysal Grow X,3,Fertilizante,71966.16,51346.5
SO-000683,2025-05-25,Kenya,Chrysal Protect Y,2,Fungicida,62727.24,50563.1
SO-000684,2025-05-24,Ecuador,Chrysal Root R,2,Fungicida,86363.41,49517.9
SO-000685,2023-06-04,Holanda,Chrysal Flora F,3,Nutricional,74499.35,50962.7
SO-000686,2024-12-31,Kenya,Chrysal Protect Y,4,Nutricional,78398.75,49963.9
SO-000687,2024-01-06,Holanda,Chrysal Flora F,2,Fertilizante,201518.21,52131.4
SO-000688,2024-06-25,Holanda,Chrysal Root R,3,Fungicida,250354.5,51123.8
SO-000689,2024-02-11,Holanda,Chrysal Boost Z,2,Fertilizante,138942.24,50366.4
SO-000690,2024-12-14,Colombia,Chrysal Flora F,4,Insecticida,96154.94,50511.0
SO-000691,2025-06-27,Colombia,Chrysal Root R,4,Insecticida,79639.1,49677.4
SO-000692,2024-12-26,Kenya,Chrysal Root R,1,Fungicida,70551.9,50230.4
SO-000693,2025-04-29,Kenya,Chrysal Grow X,1,Fertilizante,152800.03,51711.4
SO-000694,2025-05-12,Kenya,Chrysal Flora F,2,Fungicida,55489.74,52562.3
SO-000695,2023-03-24,Colombia,Chrysal Protect Y,2,Fertilizante,88938.0,51508.5
SO-000696,2023-08-20,Holanda,Chrysal Protect Y,2,Nutricional,30000.0,50935.6
SO-000697,2024-10-20,Colombia,Chrysal Protect Y,1,Nutricional,133568.62,50697.6
SO-000698,2024-06-22,Ecuador,Chrysal Boost Z,2,Nutricional,106604.79,50330.5
SO-000699,2023-02-15,Ecuador,Chrysal Boost Z,2,Fertilizante,59649.5,52441.8
SO-000700,2023-03-28,Colombia,Chrysal Boost Z,2,Fungicida,95377.85,50867.9
